[
  {
    "id": "2844aa69-cc4d-4e9f-b1f0-0ea1a3fb1ba1",
    "data": [
      {
        "text": "Great!",
        "userDefined": false
      }
    ],
    "isTemplate": false,
    "count": 0,
    "lang": "en",
    "updated": 0
  },
  {
    "id": "bbb95268-74bf-4c90-b48a-ba22918512f9",
    "data": [
      {
        "text": "Thank you dear",
        "userDefined": false
      }
    ],
    "isTemplate": false,
    "count": 0,
    "lang": "en",
    "updated": 0
  },
  {
    "id": "9ac20335-ec9a-4785-960e-29da95f4df09",
    "data": [
      {
        "text": "Ok",
        "userDefined": false
      }
    ],
    "isTemplate": false,
    "count": 0,
    "lang": "en",
    "updated": 0
  }
]